{"1": {"qmc_mvn_cdf": 0.0175064275195958, "qmc_mvn_cdf_without_cholesky": 0.0236999011937278, "scipy_mvn_cdf": 0.05468762981040419, "tf_mvn_cdf": 4.220538864947803, "mvn_cdf_jax": 0.0161601138933492, "mvn_cdf_torch": 0.0171189749681212, "mvn_cdf_torch_jit": 0.013045081761696501}, "2": {"qmc_mvn_cdf": 0.092852345723564, "qmc_mvn_cdf_without_cholesky": 0.0833688993372417, "scipy_mvn_cdf": 0.0524019496360875, "tf_mvn_cdf": 4.091515148576937, "mvn_cdf_jax": 0.0164952571784708, "mvn_cdf_torch": 0.054960298302128695, "mvn_cdf_torch_jit": 0.0531004751699516}, "3": {"qmc_mvn_cdf": 0.0881461131386109, "qmc_mvn_cdf_without_cholesky": 0.0856211910551155, "scipy_mvn_cdf": 0.35067646422734333, "tf_mvn_cdf": 4.042196554932436, "mvn_cdf_jax": 0.016066763219824202, "mvn_cdf_torch": 0.0613807732655343, "mvn_cdf_torch_jit": 0.0548611439045832}, "4": {"qmc_mvn_cdf": 0.1111246325525592, "qmc_mvn_cdf_without_cholesky": 0.10651859233620739, "scipy_mvn_cdf": 12.521938336629132, "tf_mvn_cdf": 4.067980935478871, "mvn_cdf_jax": 0.014681558477079198, "mvn_cdf_torch": 0.0685592314434608, "mvn_cdf_torch_jit": 0.0625443080546613}, "5": {"qmc_mvn_cdf": 0.1069545792276908, "qmc_mvn_cdf_without_cholesky": 0.10440189600500971, "scipy_mvn_cdf": 7.185847151744744, "tf_mvn_cdf": 4.204730331805552, "mvn_cdf_jax": 0.0158978773931713, "mvn_cdf_torch": 0.06984492571666401, "mvn_cdf_torch_jit": 0.06440476572771921}, "6": {"qmc_mvn_cdf": 0.11442182427899442, "qmc_mvn_cdf_without_cholesky": 0.1148140097187057, "scipy_mvn_cdf": 34.93010773090684, "tf_mvn_cdf": 4.6591792562807175, "mvn_cdf_jax": 0.0209124606481737, "mvn_cdf_torch": 0.0769372595490708, "mvn_cdf_torch_jit": 0.0622283749077824}, "7": {"qmc_mvn_cdf": 0.1178977539237281, "qmc_mvn_cdf_without_cholesky": 0.1171467700465095, "scipy_mvn_cdf": 37.509877578613235, "tf_mvn_cdf": 4.280615847581234, "mvn_cdf_jax": 0.0172156299518188, "mvn_cdf_torch": 0.0706014918577417, "mvn_cdf_torch_jit": 0.0654527848710538}, "8": {"qmc_mvn_cdf": 0.5086361325659677, "qmc_mvn_cdf_without_cholesky": 0.37780363530382083, "scipy_mvn_cdf": 1315.3750849492312, "tf_mvn_cdf": 5.9400379332868924, "mvn_cdf_jax": 0.0640545631260179, "mvn_cdf_torch": 0.2761821959889, "mvn_cdf_torch_jit": 0.14667889606590928}}