{"1": {"qmc_mvn_cdf": 0.13394297426098634, "qmc_mvn_cdf_without_cholesky": 0.13394297426098634, "scipy_mvn_cdf": 0.13407850653628328, "tf_mvn_cdf": 0.13038619461945147, "mvn_cdf_jax": 0.14434116245947265, "mvn_cdf_torch": 0.13402311053808594, "mvn_cdf_torch_jit": 0.13402311053808594}, "2": {"qmc_mvn_cdf": 0.26776050388867184, "qmc_mvn_cdf_without_cholesky": 0.26776050388867184, "scipy_mvn_cdf": 0.26801194360241765, "tf_mvn_cdf": 0.2746481986512333, "mvn_cdf_jax": 0.2621037053198242, "mvn_cdf_torch": 0.2665397077199707, "mvn_cdf_torch_jit": 0.2665397077199707}, "3": {"qmc_mvn_cdf": 0.23341970013549806, "qmc_mvn_cdf_without_cholesky": 0.23341970013549806, "scipy_mvn_cdf": 0.23278923855759653, "tf_mvn_cdf": 0.23561727241133648, "mvn_cdf_jax": 0.23713675874462892, "mvn_cdf_torch": 0.23229157611279297, "mvn_cdf_torch_jit": 0.23229157611279297}, "4": {"qmc_mvn_cdf": 0.39056981685937503, "qmc_mvn_cdf_without_cholesky": 0.39056981685937503, "scipy_mvn_cdf": 0.39045208586644303, "tf_mvn_cdf": 0.38456714326356684, "mvn_cdf_jax": 0.38611527229418946, "mvn_cdf_torch": 0.3906653811381836, "mvn_cdf_torch_jit": 0.3906653811381836}, "5": {"qmc_mvn_cdf": 0.26141126928271485, "qmc_mvn_cdf_without_cholesky": 0.26141126928271485, "scipy_mvn_cdf": 0.26209745523146877, "tf_mvn_cdf": 0.26033234327729265, "mvn_cdf_jax": 0.2606769277871094, "mvn_cdf_torch": 0.26248171689038086, "mvn_cdf_torch_jit": 0.26248171689038086}, "6": {"qmc_mvn_cdf": 0.2397891153535156, "qmc_mvn_cdf_without_cholesky": 0.2397891153535156, "scipy_mvn_cdf": 0.24096040070803526, "tf_mvn_cdf": 0.23158315663120382, "mvn_cdf_jax": 0.2459421522873535, "mvn_cdf_torch": 0.23814593875512696, "mvn_cdf_torch_jit": 0.23814593875512696}, "7": {"qmc_mvn_cdf": 0.18332604931054688, "qmc_mvn_cdf_without_cholesky": 0.18332604931054688, "scipy_mvn_cdf": 0.18440134936655547, "tf_mvn_cdf": 0.18409937318915862, "mvn_cdf_jax": 0.18013228940600587, "mvn_cdf_torch": 0.18579418719311525, "mvn_cdf_torch_jit": 0.18579418719311525}, "8": {"qmc_mvn_cdf": 0.2863417924807129, "qmc_mvn_cdf_without_cholesky": 0.2863417924807129, "scipy_mvn_cdf": 0.2863898868657463, "tf_mvn_cdf": 0.29071685875211273, "mvn_cdf_jax": 0.2753818391323242, "mvn_cdf_torch": 0.285995687998291, "mvn_cdf_torch_jit": 0.285995687998291}}